network,scenario_family,parameter,max_risk,mean_risk,affected_nodes,top_node,top_3,outlet_risk,source,location,severity
N1,severity,0.25,0.25,0.07796666666666668,3,A,A|B|C,0.016800000000000037,A,,
N1,severity,0.5,0.5,0.15593333333333328,4,A,A|B|C,0.03359999999999996,A,,
N1,severity,0.75,0.75,0.2339,6,A,A|B|C,0.0504,A,,
N1,severity,1.0,1.0,0.3118666666666666,6,A,A|B|C,0.06719999999999993,A,,
N1,lc_stress,0.5,0.8,0.16964666666666664,2,A,A|B|C,0.0016800000000000148,,,
N1,lc_stress,0.75,0.8,0.2007533333333333,3,A,A|B|C,0.012757499999999977,,,
N1,lc_stress,1.0,0.8,0.24949333333333334,6,A,A|B|C,0.05375999999999992,,,
N1,lc_stress,1.25,0.8,0.3276041666666667,6,A,A|B|C,0.1640625,,,
N1,lc_stress,1.5,0.8,0.43533333333333335,6,A,A|B|C,0.32400000000000007,,,
N1,blockage_location,A,0.75,0.2339,6,A,A|B|C,0.0504,,A,0.75
N1,blockage_location,B,0.75,0.27225000000000005,5,B,B|C|D,0.126,,B,0.75
N1,blockage_location,C,0.75,0.2945,4,C,C|D|E,0.252,,C,0.75
N1,blockage_location,D,0.75,0.2825,3,D,D|E|F,0.41999999999999993,,D,0.75
N1,blockage_location,E,0.75,0.225,2,E,E|F|A,0.6000000000000001,,E,0.75
N1,intermediate_blockage,B:0.25,0.8,0.31120333333333333,6,A,A|B|C,0.08231999999999995,,B,0.25
N1,intermediate_blockage,B:0.5,0.8,0.37291333333333326,6,A,A|B|C,0.11088000000000009,,B,0.5
N1,intermediate_blockage,B:0.75,0.8300000000000001,0.43462333333333336,6,B,B|A|C,0.13944,,B,0.75
N1,intermediate_blockage,D:0.25,0.8,0.3346200000000001,6,A,A|D|B,0.18031999999999992,,D,0.25
N1,intermediate_blockage,D:0.5,0.8,0.4197466666666667,6,A,A|D|E,0.30688000000000004,,D,0.5
N1,intermediate_blockage,D:0.75,0.8,0.5048733333333334,6,A,A|D|E,0.43344000000000005,,D,0.75
N1,intermediate_blockage,E:0.25,0.8,0.31945333333333337,6,A,A|B|E,0.24031999999999998,,E,0.25
N1,intermediate_blockage,E:0.5,0.8,0.38941333333333333,6,A,A|E|F,0.4268799999999999,,E,0.5
N1,intermediate_blockage,E:0.75,0.8,0.45937333333333336,6,A,A|E|F,0.61344,,E,0.75
N2,severity,0.25,0.25,0.14539062499999997,8,A,A|C|G,0.12749999999999995,A,,
N2,severity,0.5,0.5,0.29078125000000005,8,A,A|C|G,0.2550000000000001,A,,
N2,severity,0.75,0.75,0.43617187500000004,8,A,A|C|G,0.38250000000000006,A,,
N2,severity,1.0,1.0,0.5815625,8,A,A|C|G,0.51,A,,
N2,lc_stress,0.5,0.8,0.21868749999999998,7,A,A|C|B,0.051000000000000045,,,
N2,lc_stress,0.75,0.8,0.32359375,8,A,A|C|B,0.17212500000000008,,,
N2,lc_stress,1.0,0.8,0.46525000000000005,8,A,A|C|G,0.40800000000000003,,,
N2,lc_stress,1.25,0.8,0.6363281250000001,8,A,A|C|G,0.75,,,
N2,lc_stress,1.5,0.8,0.7106875000000001,8,A,A|C|G,0.8,,,
N2,blockage_location,A,0.75,0.43617187500000004,8,A,A|C|G,0.38250000000000006,,A,0.75
N2,blockage_location,B,0.75,0.20156249999999998,3,B,B|E|D,0.0,,B,0.75
N2,blockage_location,C,0.75,0.289453125,4,C,C|G|H,0.4781249999999999,,C,0.75
N2,blockage_location,D,0.75,0.09375,1,D,D|A|B,0.0,,D,0.75
N2,blockage_location,E,0.75,0.09375,1,E,E|A|B,0.0,,E,0.75
N2,blockage_location,F,0.75,0.09375,1,F,F|A|B,0.0,,F,0.75
N2,blockage_location,G,0.75,0.1640625,2,G,G|H|A,0.5625,,G,0.75
N2,blockage_location,H,0.75,0.09375,1,H,H|A|B,0.75,,H,0.75
N2,intermediate_blockage,B:0.25,0.8,0.5028750000000001,8,A,A|C|B,0.40800000000000003,,B,0.25
N2,intermediate_blockage,B:0.5,0.8,0.5405,8,A,A|B|C,0.40800000000000003,,B,0.5
N2,intermediate_blockage,B:0.75,0.86,0.578125,8,B,B|A|C,0.40800000000000003,,B,0.75
N2,intermediate_blockage,E:0.25,0.8,0.48687500000000006,8,A,A|C|G,0.40800000000000003,,E,0.25
N2,intermediate_blockage,E:0.5,0.8,0.5085000000000001,8,A,A|E|C,0.40800000000000003,,E,0.5
N2,intermediate_blockage,E:0.75,0.827,0.5301250000000001,8,E,E|A|C,0.40800000000000003,,E,0.75
N2,intermediate_blockage,H:0.25,0.8,0.48375000000000007,8,A,A|C|H,0.556,,H,0.25
N2,intermediate_blockage,H:0.5,0.8,0.5022500000000001,8,A,A|H|C,0.704,,H,0.5
N2,intermediate_blockage,H:0.75,0.852,0.52075,8,H,H|A|C,0.852,,H,0.75
N3,severity,0.25,0.55,0.31140383300781255,8,B,B|C|E,0.08554863281250003,A,,
N3,severity,0.5,0.55,0.371848681640625,8,B,B|C|A,0.09736289062500003,A,,
N3,severity,0.75,0.75,0.43229353027343753,8,A,A|C|B,0.10917714843750004,A,,
N3,severity,1.0,1.0,0.49273837890625,8,A,A|C|E,0.12099140624999993,A,,
N3,lc_stress,0.5,0.7,0.23745536834716796,6,A,A|B|C,0.007401716308593764,,,
N3,lc_stress,0.75,0.7,0.3135213749408722,7,A,A|B|C,0.035633949966430656,,,
N3,lc_stress,1.0,0.7,0.420204560546875,8,A,A|C|B,0.10681429687499999,,,
N3,lc_stress,1.25,0.70634765625,0.5505958259105682,8,C,C|E|G,0.24660086631774902,,,
N3,lc_stress,1.5,0.762625,0.6373740258789062,8,C,C|E|G,0.46007736328125004,,,
N3,blockage_location,A,0.75,0.24283007812500002,7,A,A|C|E,0.060328124999999955,,A,0.75
N3,blockage_location,B,0.75,0.34221679687499995,7,B,B|C|E,0.10054687500000004,,B,0.75
N3,blockage_location,C,0.75,0.3312890625,6,C,C|E|G,0.13406249999999997,,C,0.75
N3,blockage_location,D,0.75,0.17109375,3,D,D|F|H,0.24375000000000002,,D,0.75
N3,blockage_location,E,0.75,0.16875,2,E,E|G|A,0.0,,E,0.75
N3,blockage_location,F,0.75,0.1546875,2,F,F|H|A,0.48750000000000004,,F,0.75
N3,blockage_location,G,0.75,0.09375,1,G,G|A|B,0.0,,G,0.75
N3,source_combination,A,0.7,0.22664140624999998,7,A,A|C|E,0.05630625,,,
N3,source_combination,B,0.55,0.250958984375,7,B,B|C|E,0.07373437500000002,,,
N3,source_combination,A+B,0.7,0.420204560546875,8,A,A|C|B,0.10681429687499999,,,
N3,intermediate_blockage,C:0.25,0.7,0.46464560791015636,8,A,A|C|E,0.12479822265625007,,C,0.25
N3,intermediate_blockage,C:0.5,0.79878125,0.5090866552734374,8,C,C|A|E,0.14278214843750003,,C,0.5
N3,intermediate_blockage,C:0.75,0.899390625,0.5535277026367187,8,C,C|E|A,0.16076607421875,,C,0.75
N3,intermediate_blockage,E:0.25,0.7,0.447883603515625,8,A,A|E|C,0.10681429687499999,,E,0.25
N3,intermediate_blockage,E:0.5,0.7539640624999999,0.47556264648437496,8,E,E|A|G,0.10681429687499999,,E,0.5
N3,intermediate_blockage,E:0.75,0.87698203125,0.503241689453125,8,E,E|G|A,0.10681429687499999,,E,0.75
N3,intermediate_blockage,G:0.25,0.7,0.438756357421875,8,A,A|C|G,0.10681429687499999,,G,0.25
N3,intermediate_blockage,G:0.5,0.70317125,0.457308154296875,8,G,G|A|C,0.10681429687499999,,G,0.5
N3,intermediate_blockage,G:0.75,0.851585625,0.47585995117187496,8,G,G|A|C,0.10681429687499999,,G,0.75
N4,severity,0.25,0.25,0.19765200892857138,7,A,A|D|F,0.12951093749999987,A,,
N4,severity,0.5,0.5,0.3803133928571429,7,A,A|D|B,0.24110624999999997,A,,
N4,severity,0.75,0.75,0.5479841517857144,7,A,A|D|B,0.33478593749999996,A,,
N4,severity,1.0,1.0,0.7006642857142857,7,A,A|B|D,0.41054999999999997,A,,
N4,lc_stress,0.5,0.8,0.25448607142857144,6,A,A|B|C,0.02626050000000002,,,
N4,lc_stress,0.75,0.8,0.39013892354910723,7,A,A|B|C,0.12387399609375005,,,
N4,lc_stress,1.0,0.8,0.5797194285714286,7,A,A|D|B,0.351372,,,
N4,lc_stress,1.25,0.8921875,0.7995588030133929,7,D,D|F|A,0.73187255859375,,,
N4,lc_stress,1.5,0.956,0.8891428571428571,7,D,D|E|F,0.956,,,
N4,blockage_location,A,0.75,0.5479841517857144,7,A,A|D|B,0.33478593749999996,,A,0.75
N4,blockage_location,B,0.75,0.3542410714285715,5,B,B|D|F,0.2953125000000001,,B,0.75
N4,blockage_location,C,0.75,0.3212946428571429,5,C,C|D|F,0.25593750000000004,,C,0.75
N4,blockage_location,D,0.75,0.3294642857142857,4,D,D|F|E,0.39374999999999993,,D,0.75
N4,blockage_location,E,0.75,0.1875,2,E,E|G|A,0.5625,,E,0.75
N4,blockage_location,F,0.75,0.10714285714285714,1,F,F|A|B,0.0,,F,0.75
N4,intermediate_blockage,B:0.25,0.8,0.6114351071428572,7,A,A|B|D,0.37391025,,B,0.25
N4,intermediate_blockage,B:0.5,0.8200000000000001,0.6431507857142857,7,B,B|A|D,0.3964485,,B,0.5
N4,intermediate_blockage,B:0.75,0.91,0.6748664642857144,7,B,B|A|D,0.41898674999999996,,B,0.75
N4,intermediate_blockage,D:0.25,0.8,0.6160395714285715,7,A,A|D|B,0.394779,,D,0.25
N4,intermediate_blockage,D:0.5,0.83464,0.6523597142857144,7,D,D|A|F,0.43818599999999996,,D,0.5
N4,intermediate_blockage,D:0.75,0.91732,0.6886798571428573,7,D,D|A|F,0.48159300000000005,,D,0.75
N4,intermediate_blockage,F:0.25,0.8,0.5951162857142858,7,A,A|F|D,0.351372,,F,0.25
N4,intermediate_blockage,F:0.5,0.8,0.610513142857143,7,A,A|F|D,0.351372,,F,0.5
N4,intermediate_blockage,F:0.75,0.8922220000000001,0.6259100000000001,7,F,F|A|D,0.351372,,F,0.75
N5,severity,0.25,0.7858482677687231,0.5475924515897589,20,N13,N13|N19|N10,0.6962681837378906,N1,,
N5,severity,0.5,0.8011483256998803,0.5907396741414381,20,N13,N13|N19|N16,0.7027561950207306,N1,,
N5,severity,0.75,0.8164483836310374,0.6326597115904588,20,N13,N13|N19|N16,0.7086404493308295,N1,,
N5,severity,1.0,1.0,0.673375534387124,20,N1,N1|N13|N5,0.7139720229148392,N1,,
N5,lc_stress,0.5,0.75,0.24700924108114325,18,N1,N1|N3|N2,0.025978131739354815,,,
N5,lc_stress,0.75,0.75,0.4053801704281992,20,N1,N1|N3|N10,0.2110872769987655,,,
N5,lc_stress,1.0,0.8164483836310374,0.6326597115904588,20,N13,N13|N19|N16,0.7086404493308295,,,
N5,lc_stress,1.25,0.996241817006009,0.8003242968045902,20,N18,N18|N19|N20,0.9920539205626202,,,
N5,lc_stress,1.5,0.9999977567714768,0.8579643316305565,20,N19,N19|N20|N18,0.9999977567714768,,,
N5,blockage_location,N1,0.75,0.24763736876866194,13,N1,N1|N5|N8,0.2816150710135288,,N1,0.75
N5,blockage_location,N2,0.75,0.36893589598206866,16,N2,N2|N16|N18,0.5249403477913177,,N2,0.75
N5,blockage_location,N3,0.75,0.3796986666796387,14,N3,N3|N19|N10,0.6194095572805994,,N3,0.75
N5,blockage_location,N4,0.75,0.08570642578125001,7,N4,N4|N8|N11,0.05881992187499996,,N4,0.75
N5,blockage_location,N5,0.75,0.23665755202972746,11,N5,N5|N8|N18,0.33921316303920457,,N5,0.75
N5,blockage_location,N6,0.75,0.30090358258707417,12,N6,N6|N16|N13,0.5407638406901514,,N6,0.75
N5,blockage_location,N7,0.75,0.2451373761890625,9,N7,N7|N10|N14,0.5343501428437499,,N7,0.75
N5,blockage_location,N8,0.75,0.09641285156250001,6,N8,N8|N11|N15,0.11763984375000003,,N8,0.75
N5,blockage_location,N9,0.75,0.22032084261035156,8,N9,N9|N16|N18,0.43298544146484375,,N9,0.75
N5,blockage_location,N10,0.75,0.22939473140624997,8,N10,N10|N14|N19,0.581279034375,,N10,0.75
N5,source_combination,N1,0.75,0.31004660457426064,16,N1,N1|N5|N8,0.4211435810997213,,,
N5,source_combination,N2,0.5884526945230888,0.330666977300912,16,N19,N19|N16|N13,0.52960742507078,,,
N5,source_combination,N3,0.7105573984375,0.3631891494178252,14,N10,N10|N19|N3,0.6211466635306161,,,
N5,source_combination,N1+N2,0.75,0.475305599513682,18,N1,N1|N5|N16,0.5815517371744858,,,
N5,source_combination,N1+N3,0.75,0.5397988728807522,19,N1,N1|N19|N13,0.6713336849486574,,,
N5,source_combination,N2+N3,0.7705482098375659,0.5031941815014386,18,N13,N13|N19|N10,0.689121930363979,,,
N5,source_combination,N1+N2+N3,0.8164483836310374,0.6326597115904588,20,N13,N13|N19|N16,0.7086404493308295,,,
N5,intermediate_blockage,N4:0.25,0.8164483836310374,0.6451783504493536,20,N13,N13|N19|N16,0.7094505619932221,,N4,0.25
N5,intermediate_blockage,N4:0.5,0.8164483836310374,0.6576969893082483,20,N13,N13|N19|N16,0.7102606746556149,,N4,0.5
N5,intermediate_blockage,N4:0.75,0.834375,0.670215628167143,20,N4,N4|N13|N19,0.7110707873180075,,N4,0.75
N5,intermediate_blockage,N12:0.25,0.8164483836310374,0.648486171364379,20,N13,N13|N16|N19,0.7200410099099512,,N12,0.25
N5,intermediate_blockage,N12:0.5,0.8359724908354177,0.6641009700940326,20,N16,N16|N13|N19,0.730632670778951,,N12,0.5
N5,intermediate_blockage,N12:0.75,0.8644329424828257,0.6795041077794199,20,N16,N16|N12|N18,0.7404154319378288,,N12,0.75
N5,intermediate_blockage,N19:0.25,0.8405337077756913,0.6377094775108951,20,N19,N19|N13|N16,0.7564803369981221,,N19,0.25
N5,intermediate_blockage,N19:0.5,0.8936891385171275,0.6427592434313316,20,N19,N19|N13|N20,0.8043202246654148,,N19,0.5
N5,intermediate_blockage,N19:0.75,0.9468445692585638,0.6478090093517681,20,N19,N19|N20|N13,0.8521601123327074,,N19,0.75
